,orgid,prefix,visible,dark,total
10037,47779,186.172.0.0/14,0,262144,262144
10034,23085,186.164.0.0/15,0,131072,131072
10000,35073,186.98.0.0/15,0,131072,131072
5922,95936,167.134.0.0/16,0,65536,65536
5299,65334,140.191.0.0/16,0,65536,65536
5673,29834,148.242.0.0/16,0,65536,65536
5681,53168,148.250.0.0/16,0,65536,65536
5695,16640,152.139.0.0/16,0,65536,65536
5713,144929,155.211.0.0/16,0,65536,65536
5679,77090,148.248.0.0/16,0,65536,65536
5828,23085,161.234.0.0/16,0,65536,65536
5830,23085,161.255.0.0/16,0,65536,65536
5832,95947,162.122.0.0/16,0,65536,65536
5836,12155,163.250.0.0/16,0,65536,65536
5841,54076,164.96.0.0/16,0,65536,65536
5842,13620,164.98.0.0/16,0,65536,65536
5915,13630,166.110.0.0/16,0,65536,65536
5720,13730,158.160.0.0/16,0,65536,65536
5918,245143,167.28.0.0/16,0,65536,65536
12104,21455,201.169.0.0/16,0,65536,65536
3803,95942,129.90.0.0/16,0,65536,65536
10671,236470,189.201.0.0/17,0,32768,32768
10990,20004,190.197.128.0/17,0,32768,32768
10004,35073,186.103.0.0/17,0,32768,32768
9476,97264,177.234.0.0/17,0,32768,32768
10049,33180,186.189.0.0/18,0,16384,16384
9509,88282,179.0.64.0/18,0,16384,16384
10880,21882,190.110.0.0/19,0,8192,8192
11566,63177,200.90.224.0/19,0,8192,8192
12132,88282,201.218.160.0/19,0,8192,8192
9508,88282,179.0.32.0/19,0,8192,8192
11657,130343,200.128.192.0/19,0,8192,8192
10321,114721,187.16.192.0/19,0,8192,8192
9088,99576,177.126.32.0/19,0,8192,8192
10897,88282,190.113.32.0/19,0,8192,8192
10655,124913,189.126.128.0/19,0,8192,8192
10742,21199,190.12.192.0/19,0,8192,8192
10595,114721,189.76.96.0/19,0,8192,8192
8958,124215,177.105.96.0/20,0,4096,4096
11729,130059,200.169.64.0/20,0,4096,4096
9568,89564,179.49.80.0/20,0,4096,4096
11336,130343,200.18.224.0/20,0,4096,4096
11658,130343,200.128.224.0/20,0,4096,4096
9615,21199,179.61.16.0/20,0,4096,4096
9733,153813,179.109.176.0/20,0,4096,4096
11565,63177,200.90.208.0/20,0,4096,4096
11340,130343,200.19.16.0/20,0,4096,4096
8554,118255,177.71.96.0/20,0,4096,4096
10568,124913,189.45.240.0/20,0,4096,4096
10626,146021,189.91.160.0/20,0,4096,4096
12043,53158,201.150.64.0/20,0,4096,4096
11822,112550,200.229.120.0/21,0,2048,2048
11754,124137,200.192.224.0/21,0,2048,2048
12007,21461,201.139.160.0/21,0,2048,2048
192,35340,45.6.248.0/21,0,2048,2048
5170,27419,138.204.248.0/21,0,2048,2048
11339,130343,200.19.8.0/21,0,2048,2048
11327,130343,200.18.24.0/21,0,2048,2048
10790,75916,190.57.48.0/21,0,2048,2048
11599,22330,200.106.152.0/21,0,2048,2048
8693,133098,177.84.112.0/21,0,2048,2048
3457,149406,45.235.244.0/22,0,1024,1024
2916,281035,45.227.244.0/22,0,1024,1024
3658,286605,45.239.0.0/22,0,1024,1024
3613,289383,45.238.84.0/22,0,1024,1024
3571,67581,45.237.172.0/22,0,1024,1024
3564,280973,45.237.148.0/22,0,1024,1024
3719,292575,45.239.216.0/22,0,1024,1024
2898,280541,45.227.172.0/22,0,1024,1024
3666,283274,45.239.28.0/22,0,1024,1024
3536,285511,45.237.36.0/22,0,1024,1024
3520,285619,45.236.228.0/22,0,1024,1024
3511,281762,45.236.192.0/22,0,1024,1024
3412,285826,45.235.72.0/22,0,1024,1024
2928,282098,45.228.36.0/22,0,1024,1024
2995,278307,45.229.40.0/22,0,1024,1024
3100,284519,45.230.148.0/22,0,1024,1024
3145,278815,45.231.72.0/22,0,1024,1024
3471,285612,45.236.44.0/22,0,1024,1024
3147,283557,45.231.80.0/22,0,1024,1024
3191,247871,45.231.236.0/22,0,1024,1024
3222,285597,45.232.104.0/22,0,1024,1024
3247,280542,45.232.204.0/22,0,1024,1024
3260,52996,45.233.4.0/22,0,1024,1024
3277,151427,45.233.72.0/22,0,1024,1024
3315,282942,45.233.216.0/22,0,1024,1024
3501,284767,45.236.156.0/22,0,1024,1024
2603,306928,45.191.92.0/22,0,1024,1024
2850,114721,45.227.0.0/22,0,1024,1024
2562,310342,45.190.188.0/22,0,1024,1024
2591,307658,45.191.44.0/22,0,1024,1024
2590,310133,45.191.40.0/22,0,1024,1024
2587,288757,45.191.28.0/22,0,1024,1024
2580,308897,45.191.4.0/22,0,1024,1024
2578,294971,45.190.252.0/22,0,1024,1024
2574,299897,45.190.236.0/22,0,1024,1024
2572,308692,45.190.228.0/22,0,1024,1024
2565,281751,45.190.200.0/22,0,1024,1024
2561,248974,45.190.184.0/22,0,1024,1024
2600,307819,45.191.80.0/22,0,1024,1024
2560,306571,45.190.180.0/22,0,1024,1024
2554,309964,45.190.164.0/22,0,1024,1024
2550,296667,45.190.148.0/22,0,1024,1024
2549,305663,45.190.144.0/22,0,1024,1024
2544,309837,45.190.124.0/22,0,1024,1024
2538,307512,45.190.100.0/22,0,1024,1024
2535,292371,45.190.88.0/22,0,1024,1024
2530,303155,45.190.76.0/22,0,1024,1024
2594,304337,45.191.56.0/22,0,1024,1024
3830,20004,131.0.104.0/22,0,1024,1024
2829,277332,45.226.176.0/22,0,1024,1024
2627,310754,45.191.192.0/22,0,1024,1024
2741,281018,45.225.104.0/22,0,1024,1024
2739,280133,45.225.96.0/22,0,1024,1024
2701,278619,45.224.216.0/22,0,1024,1024
2659,257497,45.224.64.0/22,0,1024,1024
2645,280851,45.224.8.0/22,0,1024,1024
144,114721,45.6.52.0/22,0,1024,1024
2631,118229,45.191.208.0/22,0,1024,1024
2628,310151,45.191.196.0/22,0,1024,1024
2626,310055,45.191.188.0/22,0,1024,1024
2604,309671,45.191.96.0/22,0,1024,1024
2622,300256,45.191.172.0/22,0,1024,1024
2620,308517,45.191.164.0/22,0,1024,1024
2618,99041,45.191.156.0/22,0,1024,1024
2609,310376,45.191.120.0/22,0,1024,1024
2608,304897,45.191.116.0/22,0,1024,1024
2607,216808,45.191.108.0/22,0,1024,1024
2606,306869,45.191.104.0/22,0,1024,1024
2605,302724,45.191.100.0/22,0,1024,1024
3822,88181,131.0.72.0/22,0,1024,1024
123,274567,45.5.216.0/22,0,1024,1024
3837,136335,131.0.140.0/22,0,1024,1024
7339,241851,170.84.216.0/22,0,1024,1024
7786,242006,170.245.172.0/22,0,1024,1024
7628,265122,170.239.64.0/22,0,1024,1024
7601,33341,170.238.220.0/22,0,1024,1024
7539,239786,170.233.240.0/22,0,1024,1024
7432,256834,170.231.68.0/22,0,1024,1024
7356,20422,170.150.28.0/22,0,1024,1024
7293,124024,170.84.32.0/22,0,1024,1024
7914,35340,170.247.168.0/22,0,1024,1024
7210,92378,170.82.224.0/22,0,1024,1024
7178,39142,170.82.96.0/22,0,1024,1024
7084,262881,170.80.248.0/22,0,1024,1024
7072,225411,170.80.200.0/22,0,1024,1024
7010,130343,170.79.212.0/22,0,1024,1024
6872,256344,170.0.196.0/22,0,1024,1024
7822,239462,170.246.64.0/22,0,1024,1024
7925,94271,170.247.216.0/22,0,1024,1024
6722,72604,168.228.124.0/22,0,1024,1024
10878,219323,190.109.92.0/22,0,1024,1024
11983,21461,201.131.52.0/22,0,1024,1024
11977,22810,201.130.24.0/22,0,1024,1024
11808,126687,200.225.96.0/22,0,1024,1024
11326,130343,200.18.20.0/22,0,1024,1024
11267,35604,200.9.188.0/22,0,1024,1024
11190,35604,192.136.44.0/22,0,1024,1024
9499,147233,179.0.16.0/22,0,1024,1024
7957,241002,170.254.88.0/22,0,1024,1024
9266,132403,177.152.48.0/22,0,1024,1024
8713,114112,177.84.228.0/22,0,1024,1024
8695,99815,177.84.128.0/22,0,1024,1024
8587,268593,177.72.216.0/22,0,1024,1024
8585,136876,177.72.204.0/22,0,1024,1024
8047,115747,177.10.184.0/22,0,1024,1024
6779,123330,168.232.92.0/22,0,1024,1024
6545,260992,168.197.180.0/22,0,1024,1024
3851,40780,131.0.196.0/22,0,1024,1024
4365,227701,132.255.220.0/22,0,1024,1024
4750,122028,138.117.28.0/22,0,1024,1024
4724,92378,138.99.176.0/22,0,1024,1024
4661,107186,138.97.172.0/22,0,1024,1024
4617,233903,138.94.248.0/22,0,1024,1024
4525,231539,138.59.108.0/22,0,1024,1024
4469,230149,138.36.136.0/22,0,1024,1024
4313,225778,132.255.8.0/22,0,1024,1024
4977,239462,138.122.224.0/22,0,1024,1024
4177,278105,131.196.252.0/22,0,1024,1024
4145,276593,131.196.124.0/22,0,1024,1024
4013,222704,131.108.96.0/22,0,1024,1024
3982,117116,131.100.228.0/22,0,1024,1024
3954,222467,131.100.112.0/22,0,1024,1024
3934,21387,131.100.28.0/22,0,1024,1024
4902,20213,138.121.176.0/22,0,1024,1024
5040,240177,138.185.228.0/22,0,1024,1024
6505,124024,168.197.20.0/22,0,1024,1024
5740,275646,160.20.92.0/22,0,1024,1024
6491,260703,168.196.216.0/22,0,1024,1024
6354,197957,168.194.168.0/22,0,1024,1024
6299,48487,168.181.204.0/22,0,1024,1024
6272,67584,168.181.92.0/22,0,1024,1024
6245,219323,168.121.244.0/22,0,1024,1024
6104,248174,168.0.208.0/22,0,1024,1024
2525,300026,45.190.56.0/22,0,1024,1024
5099,48487,138.186.212.0/22,0,1024,1024
5597,247139,143.255.156.0/22,0,1024,1024
5541,245758,143.208.188.0/22,0,1024,1024
5287,110925,138.255.216.0/22,0,1024,1024
5207,123896,138.219.148.0/22,0,1024,1024
5169,27419,138.204.244.0/22,0,1024,1024
5105,224704,138.186.236.0/22,0,1024,1024
2528,309299,45.190.68.0/22,0,1024,1024
2637,308950,45.191.232.0/22,0,1024,1024
2519,305919,45.190.32.0/22,0,1024,1024
1855,303894,45.180.172.0/22,0,1024,1024
1825,304077,45.180.68.0/22,0,1024,1024
1821,304392,45.180.52.0/22,0,1024,1024
1812,296165,45.180.24.0/22,0,1024,1024
1808,301286,45.180.12.0/22,0,1024,1024
1791,301873,45.179.200.0/22,0,1024,1024
1743,270516,45.179.28.0/22,0,1024,1024
1734,293489,45.178.248.0/22,0,1024,1024
2518,308308,45.190.28.0/22,0,1024,1024
1717,292743,45.178.192.0/22,0,1024,1024
1695,303795,45.178.104.0/22,0,1024,1024
1647,290700,45.177.180.0/22,0,1024,1024
1608,221510,45.177.40.0/22,0,1024,1024
1603,287242,45.177.20.0/22,0,1024,1024
1592,301757,45.176.236.0/22,0,1024,1024
1578,299453,45.176.188.0/22,0,1024,1024
1562,230051,45.176.128.0/22,0,1024,1024
1557,301368,45.176.108.0/22,0,1024,1024
1554,301382,45.176.96.0/22,0,1024,1024
1527,301186,45.175.252.0/22,0,1024,1024
1854,304988,45.180.168.0/22,0,1024,1024
1919,305342,45.181.140.0/22,0,1024,1024
1456,300986,45.174.244.0/22,0,1024,1024
1931,303770,45.181.188.0/22,0,1024,1024
2140,307768,45.184.164.0/22,0,1024,1024
2135,114721,45.184.144.0/22,0,1024,1024
2132,303372,45.184.132.0/22,0,1024,1024
2130,300762,45.184.124.0/22,0,1024,1024
2128,221530,45.184.116.0/22,0,1024,1024
2118,305301,45.184.84.0/22,0,1024,1024
2097,126110,45.184.0.0/22,0,1024,1024
2079,245059,45.183.196.0/22,0,1024,1024
2071,293303,45.183.172.0/22,0,1024,1024
2056,306682,45.183.116.0/22,0,1024,1024
2054,293568,45.183.108.0/22,0,1024,1024
2051,304808,45.183.100.0/22,0,1024,1024
2048,305377,45.183.88.0/22,0,1024,1024
2041,302411,45.183.60.0/22,0,1024,1024
2018,279741,45.182.232.0/22,0,1024,1024
2002,304227,45.182.180.0/22,0,1024,1024
1958,303844,45.182.36.0/22,0,1024,1024
1956,300793,45.182.28.0/22,0,1024,1024
1946,302140,45.181.244.0/22,0,1024,1024
1462,292858,45.175.12.0/22,0,1024,1024
1445,120630,45.174.208.0/22,0,1024,1024
2185,305062,45.185.72.0/22,0,1024,1024
958,296134,45.167.212.0/22,0,1024,1024
884,293595,45.166.204.0/22,0,1024,1024
872,133175,45.166.156.0/22,0,1024,1024
864,293627,45.166.124.0/22,0,1024,1024
858,295546,45.166.100.0/22,0,1024,1024
774,293958,45.165.40.0/22,0,1024,1024
725,293415,45.164.108.0/22,0,1024,1024
665,293185,45.163.124.0/22,0,1024,1024
658,269108,45.163.96.0/22,0,1024,1024
646,279501,45.163.48.0/22,0,1024,1024
638,295406,45.163.24.0/22,0,1024,1024
637,293502,45.163.20.0/22,0,1024,1024
609,20423,45.162.168.0/22,0,1024,1024
600,294017,45.162.132.0/22,0,1024,1024
512,290193,45.161.72.0/22,0,1024,1024
490,293168,45.160.240.0/22,0,1024,1024
431,289238,45.160.8.0/22,0,1024,1024
364,259232,45.71.8.0/22,0,1024,1024
209,146604,45.7.64.0/22,0,1024,1024
170,271460,45.6.160.0/22,0,1024,1024
894,149875,45.166.240.0/22,0,1024,1024
971,296357,45.168.8.0/22,0,1024,1024
1444,282463,45.174.204.0/22,0,1024,1024
997,91690,45.168.104.0/22,0,1024,1024
1434,300469,45.174.168.0/22,0,1024,1024
1421,293591,45.174.124.0/22,0,1024,1024
1416,289093,45.174.104.0/22,0,1024,1024
1403,300462,45.174.56.0/22,0,1024,1024
1395,299486,45.174.24.0/22,0,1024,1024
1394,301332,45.174.20.0/22,0,1024,1024
1364,301210,45.173.172.0/22,0,1024,1024
1344,298922,45.173.96.0/22,0,1024,1024
1325,300661,45.173.32.0/22,0,1024,1024
1296,297334,45.172.192.0/22,0,1024,1024
1283,300274,45.172.144.0/22,0,1024,1024
1282,297773,45.172.140.0/22,0,1024,1024
1281,289089,45.172.136.0/22,0,1024,1024
1253,197162,45.172.24.0/22,0,1024,1024
1251,298605,45.172.16.0/22,0,1024,1024
1171,297988,45.170.244.0/22,0,1024,1024
1163,242122,45.170.212.0/22,0,1024,1024
1125,144167,45.170.64.0/22,0,1024,1024
1052,293045,45.169.60.0/22,0,1024,1024
2179,303995,45.185.48.0/22,0,1024,1024
1718,43433,45.178.196.0/22,0,1024,1024
2196,36335,45.185.116.0/22,0,1024,1024
2382,306259,45.188.44.0/22,0,1024,1024
2416,303548,45.188.164.0/22,0,1024,1024
2413,284994,45.188.152.0/22,0,1024,1024
2404,305055,45.188.124.0/22,0,1024,1024
2396,308436,45.188.92.0/22,0,1024,1024
2395,304592,45.188.88.0/22,0,1024,1024
2392,306724,45.188.76.0/22,0,1024,1024
2380,307450,45.188.36.0/22,0,1024,1024
2426,309035,45.188.204.0/22,0,1024,1024
2377,307062,45.188.24.0/22,0,1024,1024
2376,307083,45.188.20.0/22,0,1024,1024
2374,281151,45.188.12.0/22,0,1024,1024
2350,192458,45.187.184.0/22,0,1024,1024
2344,309088,45.187.160.0/22,0,1024,1024
2341,301832,45.187.148.0/22,0,1024,1024
2418,289453,45.188.172.0/22,0,1024,1024
2443,309301,45.189.8.0/22,0,1024,1024
2334,308439,45.187.120.0/22,0,1024,1024
2492,308107,45.189.196.0/22,0,1024,1024
2517,291277,45.190.24.0/22,0,1024,1024
2509,115588,45.190.4.0/22,0,1024,1024
2503,308888,45.189.236.0/22,0,1024,1024
2497,310127,45.189.216.0/22,0,1024,1024
2496,309897,45.189.212.0/22,0,1024,1024
2494,282434,45.189.204.0/22,0,1024,1024
2491,31585,45.189.192.0/22,0,1024,1024
2447,306791,45.189.24.0/22,0,1024,1024
2489,56385,45.189.184.0/22,0,1024,1024
2486,307643,45.189.172.0/22,0,1024,1024
2482,297714,45.189.156.0/22,0,1024,1024
2481,306828,45.189.152.0/22,0,1024,1024
2480,300466,45.189.148.0/22,0,1024,1024
2455,308998,45.189.56.0/22,0,1024,1024
2337,307655,45.187.132.0/22,0,1024,1024
2412,309583,45.188.148.0/22,0,1024,1024
12144,48487,201.222.16.0/22,0,1024,1024
2223,200911,45.185.212.0/22,0,1024,1024
2293,300437,45.186.224.0/22,0,1024,1024
2269,306772,45.186.136.0/22,0,1024,1024
2267,35260,45.186.128.0/22,0,1024,1024
2251,149801,45.186.68.0/22,0,1024,1024
2295,301553,45.186.232.0/22,0,1024,1024
2241,303960,45.186.28.0/22,0,1024,1024
2301,307975,45.187.0.0/22,0,1024,1024
2240,307581,45.186.24.0/22,0,1024,1024
2304,307205,45.187.12.0/22,0,1024,1024
2209,297325,45.185.160.0/22,0,1024,1024
2221,307077,45.185.204.0/22,0,1024,1024
2217,306049,45.185.188.0/22,0,1024,1024
11311,27419,200.14.74.0/23,0,512,512
1210,298055,45.171.120.0/23,0,512,512
1136,34213,45.170.108.0/23,0,512,512
2265,304446,45.186.124.0/23,0,512,512
2053,289237,45.183.106.0/23,0,512,512
1186,299202,45.171.48.0/23,0,512,512
1196,221289,45.171.80.0/23,0,512,512
2266,300660,45.186.126.0/23,0,512,512
1856,294618,45.180.176.0/23,0,512,512
11791,114721,200.219.130.0/23,0,512,512
11792,114721,200.219.138.0/23,0,512,512
3322,108347,45.233.238.0/23,0,512,512
9004,136107,177.124.108.0/23,0,512,512
2532,308476,45.190.84.0/23,0,512,512
10377,309808,187.62.110.0/23,0,512,512
11694,222044,200.150.164.0/23,0,512,512
2170,287229,45.185.28.0/23,0,512,512
11310,27419,200.14.38.0/23,0,512,512
2501,308894,45.189.232.0/23,0,512,512
2072,304829,45.183.176.0/23,0,512,512
10804,311035,190.83.2.0/23,0,512,512
948,288779,45.167.176.0/23,0,512,512
8099,125942,177.11.254.0/23,0,512,512
890,296556,45.166.226.0/23,0,512,512
11189,35604,192.136.42.0/23,0,512,512
11213,35340,200.0.86.0/23,0,512,512
11263,24811,200.9.166.0/23,0,512,512
11271,79700,200.9.210.0/23,0,512,512
11272,24221,200.9.212.0/23,0,512,512
11280,24221,200.10.128.0/23,0,512,512
2003,279885,45.182.184.0/23,0,512,512
1890,300929,45.181.40.0/23,0,512,512
2598,304012,45.191.74.0/23,0,512,512
1662,100746,45.177.230.0/23,0,512,512
1572,296670,45.176.166.0/23,0,512,512
7587,261875,170.238.168.0/23,0,512,512
2325,303074,45.187.90.0/23,0,512,512
2332,308758,45.187.116.0/23,0,512,512
1810,305360,45.180.20.0/23,0,512,512
3185,286588,45.231.214.0/23,0,512,512
7782,282728,170.245.158.0/23,0,512,512
2356,299386,45.187.208.0/23,0,512,512
1661,262980,45.177.228.0/23,0,512,512
3055,281852,45.229.244.0/23,0,512,512
1437,300995,45.174.178.0/23,0,512,512
2357,269238,45.187.210.0/23,0,512,512
11309,27419,200.14.37.0/24,0,256,256
11350,66696,200.23.63.0/24,0,256,256
11402,21757,200.34.61.0/24,0,256,256
11268,35604,200.9.192.0/24,0,256,256
11394,128993,200.33.253.0/24,0,256,256
11270,79700,200.9.209.0/24,0,256,256
11361,53304,200.23.202.0/24,0,256,256
11355,33250,200.23.111.0/24,0,256,256
1891,299294,45.181.42.0/24,0,256,256
2205,112293,45.185.149.0/24,0,256,256
3042,281852,45.229.195.0/24,0,256,256
11305,27419,200.13.83.0/24,0,256,256
5907,201161,164.163.243.0/24,0,256,256
3022,84171,45.229.136.0/24,0,256,256
1790,301730,45.179.199.0/24,0,256,256
11283,79700,200.10.145.0/24,0,256,256
11289,85132,200.10.211.0/24,0,256,256
11302,123289,200.12.139.0/24,0,256,256
750,293917,45.164.206.0/24,0,256,256
2557,235516,45.190.171.0/24,0,256,256
11405,21461,200.34.133.0/24,0,256,256
11819,112550,200.229.113.0/24,0,256,256
2171,269238,45.185.30.0/24,0,256,256
2323,42583,45.187.88.0/24,0,256,256
291,93502,45.65.252.0/24,0,256,256
2533,304012,45.190.86.0/24,0,256,256
11986,21461,201.131.76.0/24,0,256,256
2534,236086,45.190.87.0/24,0,256,256
2514,309808,45.190.15.0/24,0,256,256
11956,222044,201.87.144.0/24,0,256,256
11954,222044,201.87.142.0/24,0,256,256
11946,222044,201.87.131.0/24,0,256,256
2512,311035,45.190.13.0/24,0,256,256
583,293689,45.162.85.0/24,0,256,256
3685,248323,45.239.104.0/24,0,256,256
11794,114721,200.219.143.0/24,0,256,256
1840,300664,45.180.115.0/24,0,256,256
2511,243743,45.190.12.0/24,0,256,256
2324,308894,45.187.89.0/24,0,256,256
11701,222044,200.150.172.0/24,0,256,256
11699,222044,200.150.170.0/24,0,256,256
11698,222044,200.150.169.0/24,0,256,256
3690,283004,45.239.112.0/24,0,256,256
5844,108642,164.163.4.0/24,0,256,256
2556,308899,45.190.170.0/24,0,256,256
11264,24811,200.9.168.0/24,0,256,256
2971,282810,45.228.202.0/24,0,256,256
1959,103816,45.182.40.0/24,0,256,256
2958,262797,45.228.156.0/24,0,256,256
11262,24811,200.9.165.0/24,0,256,256
7603,264489,170.238.225.0/24,0,256,256
1197,221289,45.171.82.0/24,0,256,256
1198,126932,45.171.83.0/24,0,256,256
1209,102787,45.171.119.0/24,0,256,256
2722,263058,45.225.42.0/24,0,256,256
9517,37070,179.0.148.0/24,0,256,256
7747,270379,170.245.32.0/24,0,256,256
7748,114421,170.245.33.0/24,0,256,256
9506,194326,179.0.30.0/24,0,256,256
2177,306272,45.185.43.0/24,0,256,256
2407,306720,45.188.133.0/24,0,256,256
2368,228859,45.187.249.0/24,0,256,256
9059,126393,177.125.182.0/24,0,256,256
9058,108220,177.125.181.0/24,0,256,256
2690,257238,45.224.186.0/24,0,256,256
2272,126663,45.186.143.0/24,0,256,256
1992,304703,45.182.143.0/24,0,256,256
2387,308971,45.188.59.0/24,0,256,256
2386,308022,45.188.58.0/24,0,256,256
1991,195428,45.182.142.0/24,0,256,256
1962,301812,45.182.43.0/24,0,256,256
8526,132932,177.67.251.0/24,0,256,256
8391,138691,177.53.189.0/24,0,256,256
2367,270531,45.187.248.0/24,0,256,256
7561,260260,170.238.67.0/24,0,256,256
10051,31779,186.189.68.0/24,0,256,256
11178,292907,192.67.23.0/24,0,256,256
11254,24212,200.9.74.0/24,0,256,256
3296,286588,45.233.143.0/24,0,256,256
11212,121461,200.0.71.0/24,0,256,256
11206,27419,200.0.19.0/24,0,256,256
11205,27419,200.0.17.0/24,0,256,256
11204,25652,199.248.144.0/24,0,256,256
11203,113501,198.184.161.0/24,0,256,256
11183,33250,192.100.156.0/24,0,256,256
11181,26890,192.84.12.0/24,0,256,256
11180,119096,192.80.209.0/24,0,256,256
1652,298599,45.177.198.0/24,0,256,256
10201,132293,186.233.140.0/24,0,256,256
2074,93663,45.183.179.0/24,0,256,256
903,296375,45.167.17.0/24,0,256,256
1620,38398,45.177.75.0/24,0,256,256
1612,300958,45.177.54.0/24,0,256,256
2073,304829,45.183.178.0/24,0,256,256
2868,265187,45.227.61.0/24,0,256,256
990,197340,45.168.81.0/24,0,256,256
2852,261832,45.227.5.0/24,0,256,256
1061,296105,45.169.96.0/24,0,256,256
2798,282199,45.226.59.0/24,0,256,256
1901,305202,45.181.76.0/24,0,256,256
